name,suggestion
5-5 1651763770323,Maybe some feedback on why the robot is suggesting a certain location - like some prediction of what the data will be or the predicted value of the information at the suggested point.
5-9 1652130461772,Collect more data
5-10 1652235270652,"I would first suggest a wider spread of suggested locations when the user first prompts, and then narrow the down the spread between the suggested locations as the robot learns more about what the user desires."
4-29 DP 1651251267937,n/a
5-4 1651730703924,"Potentially when starting out, chose locations further away from previously tested points. When I was running the first or 2nd trial I would've liked to have points further spaced out than initially suggested by the robot to give a fuller picture quicker."
